--
-- PostgreSQL database dump
--

-- Dumped from database version 13.5 (Debian 13.5-0+deb11u1)
-- Dumped by pg_dump version 13.5 (Debian 13.5-0+deb11u1)

SET statement_timeout = 0;
SET lock_timeout = 0;
SET idle_in_transaction_session_timeout = 0;
SET client_encoding = 'SQL_ASCII';
SET standard_conforming_strings = on;
SELECT pg_catalog.set_config('search_path', '', false);
SET check_function_bodies = false;
SET xmloption = content;
SET client_min_messages = warning;
SET row_security = off;

SET default_tablespace = '';

SET default_table_access_method = heap;

--
-- Name: acc_code; Type: TABLE; Schema: public; Owner: postgres
--

CREATE TABLE public.acc_code (
    id smallint NOT NULL,
    name character varying(50) NOT NULL,
    type_id smallint NOT NULL,
    descriptions character varying(256),
    token_name tsvector,
    is_active boolean DEFAULT true NOT NULL
);


ALTER TABLE public.acc_code OWNER TO postgres;

--
-- Name: acc_group; Type: TABLE; Schema: public; Owner: postgres
--

CREATE TABLE public.acc_group (
    id smallint NOT NULL,
    name character varying(50) NOT NULL,
    descriptions character varying(256)
);


ALTER TABLE public.acc_group OWNER TO postgres;

--
-- Name: acc_type; Type: TABLE; Schema: public; Owner: postgres
--

CREATE TABLE public.acc_type (
    id smallint NOT NULL,
    name character varying(50) NOT NULL,
    descriptions character varying(256),
    group_id smallint DEFAULT 1 NOT NULL
);


ALTER TABLE public.acc_type OWNER TO postgres;

--
-- Name: action_id_seq; Type: SEQUENCE; Schema: public; Owner: postgres
--

CREATE SEQUENCE public.action_id_seq
    AS integer
    START WITH 1
    INCREMENT BY 1
    NO MINVALUE
    NO MAXVALUE
    CACHE 1;


ALTER TABLE public.action_id_seq OWNER TO postgres;

--
-- Name: actions; Type: TABLE; Schema: public; Owner: postgres
--

CREATE TABLE public.actions (
    id integer DEFAULT nextval('public.action_id_seq'::regclass) NOT NULL,
    action_at date NOT NULL,
    code character varying(50) NOT NULL,
    pic character varying(50) NOT NULL,
    descriptions text,
    order_id integer NOT NULL
);


ALTER TABLE public.actions OWNER TO postgres;

--
-- Name: branch_id_seq; Type: SEQUENCE; Schema: public; Owner: postgres
--

CREATE SEQUENCE public.branch_id_seq
    AS smallint
    START WITH 1
    INCREMENT BY 1
    NO MINVALUE
    NO MAXVALUE
    CACHE 1;


ALTER TABLE public.branch_id_seq OWNER TO postgres;

--
-- Name: branchs; Type: TABLE; Schema: public; Owner: postgres
--

CREATE TABLE public.branchs (
    id smallint DEFAULT nextval('public.branch_id_seq'::regclass) NOT NULL,
    name character varying(50) NOT NULL,
    street character varying(128),
    city character varying(50),
    phone character varying(25),
    cell character varying(25),
    zip character varying(10),
    head_branch character varying(50) NOT NULL,
    email character varying(50)
);


ALTER TABLE public.branchs OWNER TO postgres;

--
-- Name: customers; Type: TABLE; Schema: public; Owner: postgres
--

CREATE TABLE public.customers (
    order_id integer NOT NULL,
    name character varying(50) NOT NULL,
    agreement_number character varying(50),
    payment_type character varying(25) NOT NULL
);


ALTER TABLE public.customers OWNER TO postgres;

--
-- Name: finance_id_seq; Type: SEQUENCE; Schema: public; Owner: postgres
--

CREATE SEQUENCE public.finance_id_seq
    AS smallint
    START WITH 1
    INCREMENT BY 1
    NO MINVALUE
    NO MAXVALUE
    CACHE 1;


ALTER TABLE public.finance_id_seq OWNER TO postgres;

--
-- Name: finances; Type: TABLE; Schema: public; Owner: postgres
--

CREATE TABLE public.finances (
    id smallint DEFAULT nextval('public.finance_id_seq'::regclass) NOT NULL,
    name character varying(50) NOT NULL,
    short_name character varying(25) NOT NULL,
    street character varying(128),
    city character varying(50),
    phone character varying(25),
    cell character varying(25),
    zip character varying(10),
    email character varying(50)
);


ALTER TABLE public.finances OWNER TO postgres;

--
-- Name: home_addresses; Type: TABLE; Schema: public; Owner: postgres
--

CREATE TABLE public.home_addresses (
    order_id integer NOT NULL,
    street character varying(128),
    region character varying(50),
    city character varying(50),
    phone character varying(25),
    zip character varying(10)
);


ALTER TABLE public.home_addresses OWNER TO postgres;

--
-- Name: ktp_addresses; Type: TABLE; Schema: public; Owner: postgres
--

CREATE TABLE public.ktp_addresses (
    order_id integer NOT NULL,
    street character varying(128),
    region character varying(50),
    city character varying(50),
    phone character varying(25),
    zip character varying(10)
);


ALTER TABLE public.ktp_addresses OWNER TO postgres;

--
-- Name: merks; Type: TABLE; Schema: public; Owner: postgres
--

CREATE TABLE public.merks (
    id smallint NOT NULL,
    name character varying(25) NOT NULL
);


ALTER TABLE public.merks OWNER TO postgres;

--
-- Name: merk_id_seq; Type: SEQUENCE; Schema: public; Owner: postgres
--

CREATE SEQUENCE public.merk_id_seq
    AS smallint
    START WITH 1
    INCREMENT BY 1
    NO MINVALUE
    NO MAXVALUE
    CACHE 1;


ALTER TABLE public.merk_id_seq OWNER TO postgres;

--
-- Name: merk_id_seq; Type: SEQUENCE OWNED BY; Schema: public; Owner: postgres
--

ALTER SEQUENCE public.merk_id_seq OWNED BY public.merks.id;


--
-- Name: office_addresses; Type: TABLE; Schema: public; Owner: postgres
--

CREATE TABLE public.office_addresses (
    order_id integer NOT NULL,
    street character varying(128),
    region character varying(50),
    city character varying(50),
    phone character varying(25),
    zip character varying(10)
);


ALTER TABLE public.office_addresses OWNER TO postgres;

--
-- Name: order_id_seq; Type: SEQUENCE; Schema: public; Owner: postgres
--

CREATE SEQUENCE public.order_id_seq
    AS integer
    START WITH 1
    INCREMENT BY 1
    NO MINVALUE
    NO MAXVALUE
    CACHE 1;


ALTER TABLE public.order_id_seq OWNER TO postgres;

--
-- Name: orders; Type: TABLE; Schema: public; Owner: postgres
--

CREATE TABLE public.orders (
    id integer DEFAULT nextval('public.order_id_seq'::regclass) NOT NULL,
    name character varying(50) NOT NULL,
    order_at date NOT NULL,
    printed_at date NOT NULL,
    bt_finance numeric(12,2) DEFAULT 0 NOT NULL,
    bt_percent numeric(5,2) DEFAULT 0 NOT NULL,
    bt_matel numeric(12,2) DEFAULT 0 NOT NULL,
    ppn numeric(5,2) DEFAULT 0 NOT NULL,
    user_name character varying(50) NOT NULL,
    verified_by character varying(50),
    validated_by character varying(50),
    finance_id smallint DEFAULT 0 NOT NULL,
    branch_id smallint DEFAULT 0 NOT NULL,
    nominal numeric(12,2) DEFAULT 0 NOT NULL,
    subtotal numeric(12,2) DEFAULT 0 NOT NULL,
    is_stnk boolean DEFAULT true NOT NULL,
    stnk_price numeric(12,2) DEFAULT 0 NOT NULL,
    matrix numeric(12,2) DEFAULT 0 NOT NULL,
    token tsvector
);


ALTER TABLE public.orders OWNER TO postgres;

--
-- Name: post_addresses; Type: TABLE; Schema: public; Owner: postgres
--

CREATE TABLE public.post_addresses (
    order_id integer NOT NULL,
    street character varying(128),
    region character varying(50),
    city character varying(50),
    phone character varying(25),
    zip character varying(10)
);


ALTER TABLE public.post_addresses OWNER TO postgres;

--
-- Name: receivables; Type: TABLE; Schema: public; Owner: postgres
--

CREATE TABLE public.receivables (
    order_id integer NOT NULL,
    covenant_at date,
    due_at date,
    mortgage_by_month numeric(12,2) DEFAULT 0 NOT NULL,
    mortgage_receivable numeric(12,2) DEFAULT 0 NOT NULL,
    running_fine numeric(12,2) DEFAULT 0 NOT NULL,
    rest_fine numeric(12,2) DEFAULT 0 NOT NULL,
    bill_service numeric(12,2) DEFAULT 0 NOT NULL,
    pay_deposit numeric(12,2) DEFAULT 0 NOT NULL,
    rest_receivable numeric(12,2) DEFAULT 0 NOT NULL,
    rest_base numeric(12,2) DEFAULT 0 NOT NULL,
    day_period smallint DEFAULT 0 NOT NULL,
    mortgage_to smallint DEFAULT 0 NOT NULL,
    day_count integer DEFAULT 0 NOT NULL
);


ALTER TABLE public.receivables OWNER TO postgres;

--
-- Name: tasks; Type: TABLE; Schema: public; Owner: postgres
--

CREATE TABLE public.tasks (
    order_id integer NOT NULL,
    descriptions character varying(128),
    period_from date NOT NULL,
    period_to date NOT NULL,
    recipient_name character varying(50) NOT NULL,
    recipient_position character varying(50) NOT NULL,
    giver_position character varying(50) NOT NULL,
    giver_name character varying(50) NOT NULL
);


ALTER TABLE public.tasks OWNER TO postgres;

--
-- Name: trx_seq; Type: SEQUENCE; Schema: public; Owner: postgres
--

CREATE SEQUENCE public.trx_seq
    START WITH 1
    INCREMENT BY 1
    NO MINVALUE
    NO MAXVALUE
    CACHE 1;


ALTER TABLE public.trx_seq OWNER TO postgres;

--
-- Name: trx; Type: TABLE; Schema: public; Owner: postgres
--

CREATE TABLE public.trx (
    id integer DEFAULT nextval('public.trx_seq'::regclass) NOT NULL,
    ref_id integer DEFAULT 0 NOT NULL,
    division character varying(25) DEFAULT 'trx-umum'::character varying NOT NULL,
    descriptions character varying(128) NOT NULL,
    trx_date date DEFAULT now() NOT NULL,
    memo character varying(256),
    trx_token tsvector
);


ALTER TABLE public.trx OWNER TO postgres;

--
-- Name: trx_detail; Type: TABLE; Schema: public; Owner: postgres
--

CREATE TABLE public.trx_detail (
    id integer NOT NULL,
    code_id smallint NOT NULL,
    trx_id integer NOT NULL,
    debt numeric(12,2),
    cred numeric(12,2)
);


ALTER TABLE public.trx_detail OWNER TO postgres;

--
-- Name: trx_detail_seq; Type: SEQUENCE; Schema: public; Owner: postgres
--

CREATE SEQUENCE public.trx_detail_seq
    START WITH 1
    INCREMENT BY 1
    NO MINVALUE
    NO MAXVALUE
    CACHE 1;


ALTER TABLE public.trx_detail_seq OWNER TO postgres;

--
-- Name: trx_type; Type: TABLE; Schema: public; Owner: postgres
--

CREATE TABLE public.trx_type (
    id smallint NOT NULL,
    name character varying(50) NOT NULL,
    descriptions character varying(256)
);


ALTER TABLE public.trx_type OWNER TO postgres;

--
-- Name: type_id_seq; Type: SEQUENCE; Schema: public; Owner: postgres
--

CREATE SEQUENCE public.type_id_seq
    AS integer
    START WITH 1
    INCREMENT BY 1
    NO MINVALUE
    NO MAXVALUE
    CACHE 1;


ALTER TABLE public.type_id_seq OWNER TO postgres;

--
-- Name: types; Type: TABLE; Schema: public; Owner: postgres
--

CREATE TABLE public.types (
    id integer DEFAULT nextval('public.type_id_seq'::regclass) NOT NULL,
    name character varying(50) NOT NULL,
    wheel_id smallint DEFAULT 0 NOT NULL,
    merk_id smallint DEFAULT 0 NOT NULL
);


ALTER TABLE public.types OWNER TO postgres;

--
-- Name: units; Type: TABLE; Schema: public; Owner: postgres
--

CREATE TABLE public.units (
    order_id integer NOT NULL,
    nopol character varying(15) NOT NULL,
    year integer DEFAULT 0 NOT NULL,
    frame_number character varying(25),
    machine_number character varying(25),
    bpkb_name character varying(50),
    color character varying(50),
    dealer character varying(50),
    surveyor character varying(50),
    type_id integer DEFAULT 0 NOT NULL,
    warehouse_id smallint DEFAULT 0 NOT NULL
);


ALTER TABLE public.units OWNER TO postgres;

--
-- Name: users; Type: TABLE; Schema: public; Owner: postgres
--

CREATE TABLE public.users (
    id integer NOT NULL,
    name character varying(50) NOT NULL,
    email character varying(128) NOT NULL,
    password character varying(50) NOT NULL,
    role character varying(25) NOT NULL
);


ALTER TABLE public.users OWNER TO postgres;

--
-- Name: users_id_seq; Type: SEQUENCE; Schema: public; Owner: postgres
--

CREATE SEQUENCE public.users_id_seq
    AS integer
    START WITH 1
    INCREMENT BY 1
    NO MINVALUE
    NO MAXVALUE
    CACHE 1;


ALTER TABLE public.users_id_seq OWNER TO postgres;

--
-- Name: users_id_seq; Type: SEQUENCE OWNED BY; Schema: public; Owner: postgres
--

ALTER SEQUENCE public.users_id_seq OWNED BY public.users.id;


--
-- Name: warehouse_id_seq; Type: SEQUENCE; Schema: public; Owner: postgres
--

CREATE SEQUENCE public.warehouse_id_seq
    AS smallint
    START WITH 1
    INCREMENT BY 1
    NO MINVALUE
    NO MAXVALUE
    CACHE 1;


ALTER TABLE public.warehouse_id_seq OWNER TO postgres;

--
-- Name: warehouses; Type: TABLE; Schema: public; Owner: postgres
--

CREATE TABLE public.warehouses (
    id smallint DEFAULT nextval('public.warehouse_id_seq'::regclass) NOT NULL,
    name character varying(50) NOT NULL,
    descriptions character varying(128)
);


ALTER TABLE public.warehouses OWNER TO postgres;

--
-- Name: wheel_id_seq; Type: SEQUENCE; Schema: public; Owner: postgres
--

CREATE SEQUENCE public.wheel_id_seq
    AS smallint
    START WITH 1
    INCREMENT BY 1
    NO MINVALUE
    NO MAXVALUE
    CACHE 1;


ALTER TABLE public.wheel_id_seq OWNER TO postgres;

--
-- Name: wheels; Type: TABLE; Schema: public; Owner: postgres
--

CREATE TABLE public.wheels (
    id smallint DEFAULT nextval('public.wheel_id_seq'::regclass) NOT NULL,
    name character varying(10) NOT NULL,
    short_name character varying(5) NOT NULL
);


ALTER TABLE public.wheels OWNER TO postgres;

--
-- Name: merks id; Type: DEFAULT; Schema: public; Owner: postgres
--

ALTER TABLE ONLY public.merks ALTER COLUMN id SET DEFAULT nextval('public.merk_id_seq'::regclass);


--
-- Name: users id; Type: DEFAULT; Schema: public; Owner: postgres
--

ALTER TABLE ONLY public.users ALTER COLUMN id SET DEFAULT nextval('public.users_id_seq'::regclass);


--
-- Data for Name: acc_code; Type: TABLE DATA; Schema: public; Owner: postgres
--

COPY public.acc_code (id, name, type_id, descriptions, token_name, is_active) FROM stdin;
5113	Biaya Telephone dan Fax	51	Biaya telephone dan faximile ke telkomsel	'biaya':1,5 'dan':3,7 'fax':4 'faximil':8 'ke':9 'telephon':2,6 'telkomsel':10	t
5115	Biaya Pos dan Materai	51	Biaya pengiriman surat dan pembelian materai.	'biaya':1,5 'dan':3,8 'materai':4,10 'pembelian':9 'pengiriman':6 'pos':2 'surat':7	t
5112	Biaya Listrik	51	Biaya pemakaian listrik	'biaya':1,3 'listrik':2,5 'pemakaian':4	t
5114	Biaya Internet	51	Biaya jaringan internet ke Biznet	'biaya':1,3 'biznet':7 'internet':2,5 'jaringan':4 'ke':6	t
5111	Biaya Transport	51	Biaya transportasi karyawan	'biaya':1,3 'karyawan':5 'transport':2 'transportasi':4	t
5116	Biaya ATK	51	Biaya alat tulis kantor termasuk termasuk peralatan seperti komputer, meja, kursi, lemari	'alat':4 'atk':2 'biaya':1,3 'kantor':6 'komput':11 'kursi':13 'lemari':14 'meja':12 'peralatan':9 'seperti':10 'termasuk':7,8 'tuli':5	t
1211	Order (SPK)	12	Pendanaan yg dikeluarkan untuk operasi penarikan berdasarkan SPK dari Finance sejumlah BT Matel	'berdasarkan':9 'bt':14 'dari':11 'dikeluarkan':5 'financ':12 'matel':15 'operasi':7 'order':1 'penarikan':8 'pendanaan':3 'sejumlah':13 'spk':2,10 'untuk':6 'yg':4	t
5117	Biaya Servis	51	Biaya service kendaraan, AC, komputer, dll.	'ac':6 'biaya':1,3 'dll':8 'komputer':7 'ndara':5 'service':4 'servis':2	t
3111	Modal Pak Kris	31	Modal yg diterima dari pak Kris	'dari':7 'kris':3,9 'modal':1,4 'pak':2,8 'terima':6 'yg':5	t
3211	Prive Pak Kris	32	Pengambilan modal, pinjam kas oleh pak Kris	'ambil':4 'kas':7 'kris':3,10 'modal':5 'oleh':8 'pak':2,9 'pinjam':6 'prive':1	t
4111	Pendapatan Invoice	41	Penarikan dana dari pihak Finance karena adanya ...	'ada':9 'arik':3 'dana':4 'dapat':1 'dari':5 'finance':7 'invoice':2 'karena':8 'pihak':6	t
5119	Biaya Lain-lain	51	Biaya yg terdiri dari bermacam transaksi serta tidak tercantum pada salah satu perkiraan yang terdapat dalam transaksi perushaan	'biaya':1,5 'cantum':13 'dalam':20 'dapat':19 'dari':8 'diri':7 'kira':17 'lain':3,4 'lain-lain':2 'macam':9 'pada':14 'salah':15 'satu':16 'serta':11 'tidak':12 'transaksi':10,21 'usha':22 'yang':18 'yg':6	t
5312	Biaya Gaji Karyawan Honorer	51	Pencatan data kompensasi karyawan seperti uang potongan dari setiap gaji\ndan pajak serta tunjangan bukan karyawan tetap 	'biaya':1 'bukan':19 'catan':5 'dan':15 'dari':12 'data':6 'gaji':2,14 'honorer':4 'karyaw':3,8,20 'kompensasi':7 'pajak':16 'potong':11 'sepert':9 'serta':17 'setiap':13 'tetap':21 'tunjang':18 'uang':10	t
5311	Biaya Gaji karyawan Tetap	53	Pencatan data kompensasi karyawan seperti uang potongan dari setiap gaji dan pajak serta tunjangan karyawan tetap	'biaya':1 'catan':5 'dan':15 'dari':12 'data':6 'gaji':2,14 'karyaw':3,8,19 'kompensasi':7 'pajak':16 'potong':11 'sepert':9 'serta':17 'setiap':13 'tetap':4,20 'tunjang':18 'uang':10	t
5411	Upah Tenaga Kerja	54	Biaya overhead perusahaan yg dikeluarkan untuk memayar upah karena mengerjakan sesuatu	'biaya':4 'erja':13 'karena':12 'keluar':8 'kerja':3 'overhead':5 'payar':10 'sesuatu':14 'tenaga':2 'untuk':9 'upah':1,11 'usaha':6 'yg':7	t
5118	Biaya Konsumsi	51	Biaya yg dikeluarkan karena suatu kegiatan yg dpt mengurangi atau menghabiskan barang dan jasa	'atau':12 'barang':14 'biaya':1,3 'dan':15 'dpt':10 'giat':8 'habis':13 'jasa':16 'karena':6 'keluar':5 'konsumsi':2 'suatu':7 'urang':11 'yg':4,9	t
5211	Biaya STNK	52	Biaya yg dikeluarkan untuk penarikan kendaraan yg tidak ada STNK	'ada':11 'arik':7 'biaya':1,3 'keluar':5 'ndara':8 'stnk':2,12 'tidak':10 'untuk':6 'yg':4,9	t
6011	Pembayaran Pajak	60	Pajak Pertambahan Nilai	'bayar':1 'nila':5 'pajak':2,3 'tambah':4	t
2311	Hutang Pajak	23	Pajak yg belum dibayar karena menunggu pembayaran dari tarikan	'bayar':6,9 'belum':5 'dari':10 'hutang':1 'karena':7 'pajak':2,3 'tari':11 'unggu':8 'yg':4	t
1111	Kas Kecil	11	Kas bendahara Kantor	'bendahara':4 'kantor':5 'kas':1,3 'kecil':2	t
1112	Bank BCA 0856212654	11	Rekening BCA Opik	'0856212654':3 'bank':1 'bca':2,5 'opik':6 'rekening':4	t
\.


--
-- Data for Name: acc_group; Type: TABLE DATA; Schema: public; Owner: postgres
--

COPY public.acc_group (id, name, descriptions) FROM stdin;
1	Harta	Harta adalah segala sesuatu yang berhubungan dengan asset perusahaan
3	Modal	Modal adalah kekayaan perusahaan yang menjadi bagian dari pemilik perusahaan.
4	Pendapatan	Pendapatan adalah segala sesuatu yang diterima oleh perusahaan, baik yang didapat dari hasil operasional perusahaan (misalnya, bengkel mendapat pendapatan jasa servis kendaraan) dan kegiatan di luar operasional perusahaan (misalnya, bunga bank)
5	Beban	Beban adalah biaya-biaya yang dikeluarkan perusahaan dalam kegiatan operasionalnya untuk mendapatkan penghasilan. Contoh: beban air, listrik, dan telepon.
2	Utang	Utang adalah segala sesuatu yang menjadi kewajiban perusahaan yang harus dibayarkan kepadaa pihak luar dalam periode tertentu.
\.


--
-- Data for Name: acc_type; Type: TABLE DATA; Schema: public; Owner: postgres
--

COPY public.acc_type (id, name, descriptions, group_id) FROM stdin;
14	Peralatan	Kelompok akun yg digunakan untuk mencatat barang atau tempat yang digunakan perusahaan untuk mendukung jalannya pekerjaan.	1
13	Persediaan	Kelompok akun yg digunakan untuk mencatat persediaan bahan baku yang menunggu penggunaannya dalam suatu proses produksi.	1
11	Kas	Kelompok akun yg berfungsi mencatat perubahan uang seperti penerimaan atau pengeluaran. termasuk akun kas, seperti cek, giro.	1
15	Perlengkapan	Barang2 yg bisa dipakai berulang-ulang dan habis, bentuknya relatif kecil umunya untuk melengkapi kebutuhan perusahaan	1
21	Hutang Usaha	Pinjaman uang dari pihak yang dilakukan seseorang kepada perusahaan, tidak hanya uang bisa juga barang atau jasa	2
22	Hutang Bank	Pinjaman yang diberikan oleh bank kepada perusahaan yg harus dibayar oleh perusahaan selama periode berikut bunganya	2
23	Hutang Lainnya	Semua utang yg diklasifikasikan sbg utang yg tidak lancar.	2
31	Modal Usaha	Segala sesuatu yang dipergunakan untuk membangun atau memulai sebuah usaha, tergantung pada jenis usaha yang dijalankan	3
32	Prive	Investor yang menarik kembali modal atau aset mereka dari suatu perusahaan dgn maksud untuk digunakan sendiri oleh pemiliknya	3
41	Pendapatan Jasa	Arus masuk bruto dari kegiatan usaha yg mengakibatkan kenaikan ekuitas yang tidak berasal dari kontribusi modal	4
42	Pendapatan Lainnya	Arus masuk bruto dari kegiatan di luar usaha yg mengakibatkan kenaikan ekuitas yang tidak berasal dari kontribusi modal	4
51	Biaya Kantor	Kelompok akun yg diakibatkan adanya pembayaran listrik, internet, PDAM, telephone.	5
52	Biaya Operasional	Biaya yg dikeluarkan untuk aktivitas harian perusahaan seperti komisi, transportasi, sewa, perbaikan, pajak	5
53	Biaya Gaji	Biaya yg dikeluarkan untuk gaji atau tunjangan	5
54	Biaya Tenaga Kerja	Biaya yg dikeluarkan untuk membayar upah tenaga kerja	5
60	Pajak	Kontribusi wajib kepada negara yang terutang oleh orang pribadi atau badan yang bersifat memaksa berdasarkan Undang-undang	5
12	Piutang	Piutang adalah tagihan yang dipinjamkan kepada pelanggan dan wajib dilunasi paling lama satu tahun atau menurut kesepakatan	3
\.


--
-- Data for Name: actions; Type: TABLE DATA; Schema: public; Owner: postgres
--

COPY public.actions (id, action_at, code, pic, descriptions, order_id) FROM stdin;
\.


--
-- Data for Name: branchs; Type: TABLE DATA; Schema: public; Owner: postgres
--

COPY public.branchs (id, name, street, city, phone, cell, zip, head_branch, email) FROM stdin;
1	Jatibarang	Jl. Pasar Sepur	Jatibarang	08596522323	012454787	45616	Mastur	mastur.st12@gmail.com
\.


--
-- Data for Name: customers; Type: TABLE DATA; Schema: public; Owner: postgres
--

COPY public.customers (order_id, name, agreement_number, payment_type) FROM stdin;
\.


--
-- Data for Name: finances; Type: TABLE DATA; Schema: public; Owner: postgres
--

COPY public.finances (id, name, short_name, street, city, phone, cell, zip, email) FROM stdin;
1	Bussan Auto Finance	BAF	Jl. Jend. Sudirman	Indramayu	2569874545	65979	2598987	busan.123@gmail.com
2	Auto Discret Finance	Adira	Jl. Jend. Sudirman	Indramayu	2569874545	65979	2598987	adira.finance@gmail.com
3	Mandiri Tunas Finance	MTF	\N	Cirebon	\N	\N	\N	\N
\.


--
-- Data for Name: home_addresses; Type: TABLE DATA; Schema: public; Owner: postgres
--

COPY public.home_addresses (order_id, street, region, city, phone, zip) FROM stdin;
\.


--
-- Data for Name: ktp_addresses; Type: TABLE DATA; Schema: public; Owner: postgres
--

COPY public.ktp_addresses (order_id, street, region, city, phone, zip) FROM stdin;
\.


--
-- Data for Name: merks; Type: TABLE DATA; Schema: public; Owner: postgres
--

COPY public.merks (id, name) FROM stdin;
2	Yamaha
12	Suzuki
13	Honda
1	Mitsubishi
14	Hyundai
\.


--
-- Data for Name: office_addresses; Type: TABLE DATA; Schema: public; Owner: postgres
--

COPY public.office_addresses (order_id, street, region, city, phone, zip) FROM stdin;
\.


--
-- Data for Name: orders; Type: TABLE DATA; Schema: public; Owner: postgres
--

COPY public.orders (id, name, order_at, printed_at, bt_finance, bt_percent, bt_matel, ppn, user_name, verified_by, validated_by, finance_id, branch_id, nominal, subtotal, is_stnk, stnk_price, matrix, token) FROM stdin;
9	X-256/BAF/VII/2002	2022-01-07	2022-01-07	1500000.00	20.00	1200000.00	10.00	Opick	test	\N	3	1	150000.00	150000.00	f	200000.00	1700000.00	'-01':5 '-07':6 '-256':2 '/baf/vii/2002':3 '00':8 '00z':9 '125':22 '2':32 '2022':4,26 'ada':19 'dodo':29 'e5968ghj':20 'finance':12 'fino':21 'gudang':23 'hitam':25 'jatibarang':14 'mandir':10 'mastur':15 'mata':27 'motor':28 'mtf':13 'pusat':24 'r2':33 'roda':31 'stnk':17 'stnk-tidak-ada':16 't00':7 'tidak':18 'tunas':11 'x':1 'yamaha':30
8	88258-Ed	2022-03-01	2022-03-04	1300000.00	20.00	1040000.00	0.00	Opick	\N	\N	1	1	0.00	260000.00	f	200000.00	1500000.00	'-01':5 '-03':4 '00':7 '00z':8 '1000':23 '2015':27 '2022':3 '2581':20 '4':30 '88258':1 'ada':18 'auto':10 'baf':12 'biru':26 'brio':22 'bussan':9 'e':19 'ed':2 'finance':11 'gudang':24 'honda':28 'jatibarang':13 'mastur':14 'patrol':25 'pbf':21 'r4':31 'roda':29 'stnk':16 'stnk-tidak-ada':15 't00':6 'tidak':17
\.


--
-- Data for Name: post_addresses; Type: TABLE DATA; Schema: public; Owner: postgres
--

COPY public.post_addresses (order_id, street, region, city, phone, zip) FROM stdin;
\.


--
-- Data for Name: receivables; Type: TABLE DATA; Schema: public; Owner: postgres
--

COPY public.receivables (order_id, covenant_at, due_at, mortgage_by_month, mortgage_receivable, running_fine, rest_fine, bill_service, pay_deposit, rest_receivable, rest_base, day_period, mortgage_to, day_count) FROM stdin;
\.


--
-- Data for Name: tasks; Type: TABLE DATA; Schema: public; Owner: postgres
--

COPY public.tasks (order_id, descriptions, period_from, period_to, recipient_name, recipient_position, giver_position, giver_name) FROM stdin;
\.


--
-- Data for Name: trx; Type: TABLE DATA; Schema: public; Owner: postgres
--

COPY public.trx (id, ref_id, division, descriptions, trx_date, memo, trx_token) FROM stdin;
31	9	TRX-Order	Piutang jasa Mandiri Tunas Finance (MTF) #Order SPK: X-256/BAF/VII/2002	2022-03-12	Kendaraan R2 Yamaha Fino 125 , Nopol E5968GHJ	'/ref-9':13 '/x-256/baf/vii/2002':1 '125':5 'e5968ghj':6 'finance':9 'fino':4 'jatibarang':11 'mandir':7 'mastur':12 'mtf':10 'order':16 'r2':2 'trx':15 'trx-order':14 'tunas':8 'yamaha':3
32	0	TRX-Umum	Modal pak Kris	2022-02-01	\N	'/id-32':7 'kris':3 'modal':1 'pak':2 'trx':5 'trx-umum':4 'umum':6
\.


--
-- Data for Name: trx_detail; Type: TABLE DATA; Schema: public; Owner: postgres
--

COPY public.trx_detail (id, code_id, trx_id, debt, cred) FROM stdin;
1	1112	31	0.00	1200000.00
2	1211	31	1000000.00	0.00
3	5211	31	200000.00	0.00
1	3111	32	0.00	5000000.00
2	1111	32	5000000.00	0.00
\.


--
-- Data for Name: trx_type; Type: TABLE DATA; Schema: public; Owner: postgres
--

COPY public.trx_type (id, name, descriptions) FROM stdin;
1	Pendapatan	Arus kas dari aktivitas operasi seperti tagihan / invoice 
2	Pengeluaran	Arus kas karena adanya operasional, gaji karyawan, biaya tetap
3	Financing	Arus kas aktivitas pendanaan, segala aktivitas kas yg mempengaruhi posisi modal dan piutang pelanggan
\.


--
-- Data for Name: types; Type: TABLE DATA; Schema: public; Owner: postgres
--

COPY public.types (id, name, wheel_id, merk_id) FROM stdin;
2	Vario 125	2	13
3	Brio 1000	3	13
1	Fino 125	2	2
\.


--
-- Data for Name: units; Type: TABLE DATA; Schema: public; Owner: postgres
--

COPY public.units (order_id, nopol, year, frame_number, machine_number, bpkb_name, color, dealer, surveyor, type_id, warehouse_id) FROM stdin;
8	E 2581 PBF	2015				Biru			3	2
9	E5968GHJ	2022			Dodo	Hitam	Permata Motor		1	1
\.


--
-- Data for Name: users; Type: TABLE DATA; Schema: public; Owner: postgres
--

COPY public.users (id, name, email, password, role) FROM stdin;
\.


--
-- Data for Name: warehouses; Type: TABLE DATA; Schema: public; Owner: postgres
--

COPY public.warehouses (id, name, descriptions) FROM stdin;
1	Gudang Pusat	Indramayu
2	Gudang Patrol	Patrol
\.


--
-- Data for Name: wheels; Type: TABLE DATA; Schema: public; Owner: postgres
--

COPY public.wheels (id, name, short_name) FROM stdin;
2	Roda 2	R2
6	Roda 3	R3
3	Roda 4	R4
\.


--
-- Name: action_id_seq; Type: SEQUENCE SET; Schema: public; Owner: postgres
--

SELECT pg_catalog.setval('public.action_id_seq', 1, false);


--
-- Name: branch_id_seq; Type: SEQUENCE SET; Schema: public; Owner: postgres
--

SELECT pg_catalog.setval('public.branch_id_seq', 2, true);


--
-- Name: finance_id_seq; Type: SEQUENCE SET; Schema: public; Owner: postgres
--

SELECT pg_catalog.setval('public.finance_id_seq', 3, true);


--
-- Name: merk_id_seq; Type: SEQUENCE SET; Schema: public; Owner: postgres
--

SELECT pg_catalog.setval('public.merk_id_seq', 14, true);


--
-- Name: order_id_seq; Type: SEQUENCE SET; Schema: public; Owner: postgres
--

SELECT pg_catalog.setval('public.order_id_seq', 9, true);


--
-- Name: trx_detail_seq; Type: SEQUENCE SET; Schema: public; Owner: postgres
--

SELECT pg_catalog.setval('public.trx_detail_seq', 1, false);


--
-- Name: trx_seq; Type: SEQUENCE SET; Schema: public; Owner: postgres
--

SELECT pg_catalog.setval('public.trx_seq', 32, true);


--
-- Name: type_id_seq; Type: SEQUENCE SET; Schema: public; Owner: postgres
--

SELECT pg_catalog.setval('public.type_id_seq', 3, true);


--
-- Name: users_id_seq; Type: SEQUENCE SET; Schema: public; Owner: postgres
--

SELECT pg_catalog.setval('public.users_id_seq', 1, false);


--
-- Name: warehouse_id_seq; Type: SEQUENCE SET; Schema: public; Owner: postgres
--

SELECT pg_catalog.setval('public.warehouse_id_seq', 2, true);


--
-- Name: wheel_id_seq; Type: SEQUENCE SET; Schema: public; Owner: postgres
--

SELECT pg_catalog.setval('public.wheel_id_seq', 6, true);


--
-- Name: acc_code acc_code_name_key; Type: CONSTRAINT; Schema: public; Owner: postgres
--

ALTER TABLE ONLY public.acc_code
    ADD CONSTRAINT acc_code_name_key UNIQUE (name);


--
-- Name: acc_code acc_code_pkey; Type: CONSTRAINT; Schema: public; Owner: postgres
--

ALTER TABLE ONLY public.acc_code
    ADD CONSTRAINT acc_code_pkey PRIMARY KEY (id);


--
-- Name: acc_group acc_group_name_key; Type: CONSTRAINT; Schema: public; Owner: postgres
--

ALTER TABLE ONLY public.acc_group
    ADD CONSTRAINT acc_group_name_key UNIQUE (name);


--
-- Name: acc_group acc_group_pkey; Type: CONSTRAINT; Schema: public; Owner: postgres
--

ALTER TABLE ONLY public.acc_group
    ADD CONSTRAINT acc_group_pkey PRIMARY KEY (id);


--
-- Name: acc_type acc_type_name_key; Type: CONSTRAINT; Schema: public; Owner: postgres
--

ALTER TABLE ONLY public.acc_type
    ADD CONSTRAINT acc_type_name_key UNIQUE (name);


--
-- Name: acc_type acc_type_pkey; Type: CONSTRAINT; Schema: public; Owner: postgres
--

ALTER TABLE ONLY public.acc_type
    ADD CONSTRAINT acc_type_pkey PRIMARY KEY (id);


--
-- Name: branchs cabangs_pkey; Type: CONSTRAINT; Schema: public; Owner: postgres
--

ALTER TABLE ONLY public.branchs
    ADD CONSTRAINT cabangs_pkey PRIMARY KEY (id);


--
-- Name: customers customers_order_id_key; Type: CONSTRAINT; Schema: public; Owner: postgres
--

ALTER TABLE ONLY public.customers
    ADD CONSTRAINT customers_order_id_key UNIQUE (order_id);


--
-- Name: finances finances_pkey; Type: CONSTRAINT; Schema: public; Owner: postgres
--

ALTER TABLE ONLY public.finances
    ADD CONSTRAINT finances_pkey PRIMARY KEY (id);


--
-- Name: warehouses gudangs_pkey; Type: CONSTRAINT; Schema: public; Owner: postgres
--

ALTER TABLE ONLY public.warehouses
    ADD CONSTRAINT gudangs_pkey PRIMARY KEY (id);


--
-- Name: home_addresses home_addresses_order_id_key; Type: CONSTRAINT; Schema: public; Owner: postgres
--

ALTER TABLE ONLY public.home_addresses
    ADD CONSTRAINT home_addresses_order_id_key UNIQUE (order_id);


--
-- Name: ktp_addresses ktp_addresses_order_id_key; Type: CONSTRAINT; Schema: public; Owner: postgres
--

ALTER TABLE ONLY public.ktp_addresses
    ADD CONSTRAINT ktp_addresses_order_id_key UNIQUE (order_id);


--
-- Name: merks merk_pkey; Type: CONSTRAINT; Schema: public; Owner: postgres
--

ALTER TABLE ONLY public.merks
    ADD CONSTRAINT merk_pkey PRIMARY KEY (id);


--
-- Name: office_addresses office_addresses_order_id_key; Type: CONSTRAINT; Schema: public; Owner: postgres
--

ALTER TABLE ONLY public.office_addresses
    ADD CONSTRAINT office_addresses_order_id_key UNIQUE (order_id);


--
-- Name: orders orders_name_key; Type: CONSTRAINT; Schema: public; Owner: postgres
--

ALTER TABLE ONLY public.orders
    ADD CONSTRAINT orders_name_key UNIQUE (name);


--
-- Name: orders orders_pkey; Type: CONSTRAINT; Schema: public; Owner: postgres
--

ALTER TABLE ONLY public.orders
    ADD CONSTRAINT orders_pkey PRIMARY KEY (id);


--
-- Name: post_addresses post_addresses_order_id_key; Type: CONSTRAINT; Schema: public; Owner: postgres
--

ALTER TABLE ONLY public.post_addresses
    ADD CONSTRAINT post_addresses_order_id_key UNIQUE (order_id);


--
-- Name: wheels roda_pkey; Type: CONSTRAINT; Schema: public; Owner: postgres
--

ALTER TABLE ONLY public.wheels
    ADD CONSTRAINT roda_pkey PRIMARY KEY (id);


--
-- Name: tasks tasks_order_id_key; Type: CONSTRAINT; Schema: public; Owner: postgres
--

ALTER TABLE ONLY public.tasks
    ADD CONSTRAINT tasks_order_id_key UNIQUE (order_id);


--
-- Name: actions tindakans_pkey; Type: CONSTRAINT; Schema: public; Owner: postgres
--

ALTER TABLE ONLY public.actions
    ADD CONSTRAINT tindakans_pkey PRIMARY KEY (id);


--
-- Name: trx_detail trx_detail_pkey; Type: CONSTRAINT; Schema: public; Owner: postgres
--

ALTER TABLE ONLY public.trx_detail
    ADD CONSTRAINT trx_detail_pkey PRIMARY KEY (trx_id, id);


--
-- Name: trx trx_pkey; Type: CONSTRAINT; Schema: public; Owner: postgres
--

ALTER TABLE ONLY public.trx
    ADD CONSTRAINT trx_pkey PRIMARY KEY (id);


--
-- Name: trx_type trx_type_name_key; Type: CONSTRAINT; Schema: public; Owner: postgres
--

ALTER TABLE ONLY public.trx_type
    ADD CONSTRAINT trx_type_name_key UNIQUE (name);


--
-- Name: trx_type trx_type_pkey; Type: CONSTRAINT; Schema: public; Owner: postgres
--

ALTER TABLE ONLY public.trx_type
    ADD CONSTRAINT trx_type_pkey PRIMARY KEY (id);


--
-- Name: receivables tunggakans_order_id_key; Type: CONSTRAINT; Schema: public; Owner: postgres
--

ALTER TABLE ONLY public.receivables
    ADD CONSTRAINT tunggakans_order_id_key UNIQUE (order_id);


--
-- Name: types types_pkey; Type: CONSTRAINT; Schema: public; Owner: postgres
--

ALTER TABLE ONLY public.types
    ADD CONSTRAINT types_pkey PRIMARY KEY (id);


--
-- Name: units units_order_id_key; Type: CONSTRAINT; Schema: public; Owner: postgres
--

ALTER TABLE ONLY public.units
    ADD CONSTRAINT units_order_id_key UNIQUE (order_id);


--
-- Name: units uq_unit_nopol; Type: CONSTRAINT; Schema: public; Owner: postgres
--

ALTER TABLE ONLY public.units
    ADD CONSTRAINT uq_unit_nopol UNIQUE (nopol);


--
-- Name: users users_email_key; Type: CONSTRAINT; Schema: public; Owner: postgres
--

ALTER TABLE ONLY public.users
    ADD CONSTRAINT users_email_key UNIQUE (email);


--
-- Name: users users_name_key; Type: CONSTRAINT; Schema: public; Owner: postgres
--

ALTER TABLE ONLY public.users
    ADD CONSTRAINT users_name_key UNIQUE (name);


--
-- Name: users users_pkey; Type: CONSTRAINT; Schema: public; Owner: postgres
--

ALTER TABLE ONLY public.users
    ADD CONSTRAINT users_pkey PRIMARY KEY (id);


--
-- Name: acc_code_token; Type: INDEX; Schema: public; Owner: postgres
--

CREATE INDEX acc_code_token ON public.acc_code USING gin (token_name);


--
-- Name: acc_code_type; Type: INDEX; Schema: public; Owner: postgres
--

CREATE INDEX acc_code_type ON public.acc_code USING btree (type_id);


--
-- Name: idq_branch_name; Type: INDEX; Schema: public; Owner: postgres
--

CREATE UNIQUE INDEX idq_branch_name ON public.branchs USING btree (name);


--
-- Name: idq_cabang_name; Type: INDEX; Schema: public; Owner: postgres
--

CREATE UNIQUE INDEX idq_cabang_name ON public.types USING btree (name);


--
-- Name: idq_finance_name; Type: INDEX; Schema: public; Owner: postgres
--

CREATE UNIQUE INDEX idq_finance_name ON public.finances USING btree (name);


--
-- Name: idq_gudang_name; Type: INDEX; Schema: public; Owner: postgres
--

CREATE UNIQUE INDEX idq_gudang_name ON public.warehouses USING btree (name);


--
-- Name: idq_merk_name; Type: INDEX; Schema: public; Owner: postgres
--

CREATE UNIQUE INDEX idq_merk_name ON public.merks USING btree (name);


--
-- Name: idq_roda_name; Type: INDEX; Schema: public; Owner: postgres
--

CREATE UNIQUE INDEX idq_roda_name ON public.wheels USING btree (name);


--
-- Name: idq_type_name; Type: INDEX; Schema: public; Owner: postgres
--

CREATE UNIQUE INDEX idq_type_name ON public.types USING btree (name);


--
-- Name: idx_type_merk; Type: INDEX; Schema: public; Owner: postgres
--

CREATE INDEX idx_type_merk ON public.types USING btree (merk_id);


--
-- Name: idx_type_roda; Type: INDEX; Schema: public; Owner: postgres
--

CREATE INDEX idx_type_roda ON public.types USING btree (wheel_id);


--
-- Name: ix_acc_type_group; Type: INDEX; Schema: public; Owner: postgres
--

CREATE INDEX ix_acc_type_group ON public.acc_type USING btree (group_id);


--
-- Name: ix_gin_trx; Type: INDEX; Schema: public; Owner: postgres
--

CREATE INDEX ix_gin_trx ON public.trx USING gin (trx_token);


--
-- Name: ix_order_token; Type: INDEX; Schema: public; Owner: postgres
--

CREATE INDEX ix_order_token ON public.orders USING gin (token);


--
-- Name: ix_trx_detail_acc_code; Type: INDEX; Schema: public; Owner: postgres
--

CREATE INDEX ix_trx_detail_acc_code ON public.trx_detail USING btree (code_id);


--
-- Name: ix_trx_detail_trx; Type: INDEX; Schema: public; Owner: postgres
--

CREATE INDEX ix_trx_detail_trx ON public.trx_detail USING btree (trx_id);


--
-- Name: acc_code acc_code_acc_type_id_fkey; Type: FK CONSTRAINT; Schema: public; Owner: postgres
--

ALTER TABLE ONLY public.acc_code
    ADD CONSTRAINT acc_code_acc_type_id_fkey FOREIGN KEY (type_id) REFERENCES public.acc_type(id) ON UPDATE CASCADE ON DELETE RESTRICT;


--
-- Name: acc_type acc_type_group_fkey; Type: FK CONSTRAINT; Schema: public; Owner: postgres
--

ALTER TABLE ONLY public.acc_type
    ADD CONSTRAINT acc_type_group_fkey FOREIGN KEY (group_id) REFERENCES public.acc_group(id);


--
-- Name: actions actions_order_id_fkey; Type: FK CONSTRAINT; Schema: public; Owner: postgres
--

ALTER TABLE ONLY public.actions
    ADD CONSTRAINT actions_order_id_fkey FOREIGN KEY (order_id) REFERENCES public.orders(id) ON DELETE CASCADE;


--
-- Name: customers customers_order_id_fkey; Type: FK CONSTRAINT; Schema: public; Owner: postgres
--

ALTER TABLE ONLY public.customers
    ADD CONSTRAINT customers_order_id_fkey FOREIGN KEY (order_id) REFERENCES public.orders(id) ON DELETE CASCADE;


--
-- Name: types fk_type_merk; Type: FK CONSTRAINT; Schema: public; Owner: postgres
--

ALTER TABLE ONLY public.types
    ADD CONSTRAINT fk_type_merk FOREIGN KEY (merk_id) REFERENCES public.merks(id) ON DELETE RESTRICT;


--
-- Name: types fk_type_roda; Type: FK CONSTRAINT; Schema: public; Owner: postgres
--

ALTER TABLE ONLY public.types
    ADD CONSTRAINT fk_type_roda FOREIGN KEY (wheel_id) REFERENCES public.wheels(id) ON DELETE RESTRICT;


--
-- Name: home_addresses home_addresses_order_id_fkey; Type: FK CONSTRAINT; Schema: public; Owner: postgres
--

ALTER TABLE ONLY public.home_addresses
    ADD CONSTRAINT home_addresses_order_id_fkey FOREIGN KEY (order_id) REFERENCES public.orders(id) ON DELETE CASCADE;


--
-- Name: ktp_addresses ktp_addresses_order_id_fkey; Type: FK CONSTRAINT; Schema: public; Owner: postgres
--

ALTER TABLE ONLY public.ktp_addresses
    ADD CONSTRAINT ktp_addresses_order_id_fkey FOREIGN KEY (order_id) REFERENCES public.orders(id) ON DELETE CASCADE;


--
-- Name: office_addresses office_addresses_order_id_fkey; Type: FK CONSTRAINT; Schema: public; Owner: postgres
--

ALTER TABLE ONLY public.office_addresses
    ADD CONSTRAINT office_addresses_order_id_fkey FOREIGN KEY (order_id) REFERENCES public.orders(id) ON DELETE CASCADE;


--
-- Name: orders orders_cabang_id_fkey; Type: FK CONSTRAINT; Schema: public; Owner: postgres
--

ALTER TABLE ONLY public.orders
    ADD CONSTRAINT orders_cabang_id_fkey FOREIGN KEY (branch_id) REFERENCES public.branchs(id);


--
-- Name: orders orders_finance_id_fkey; Type: FK CONSTRAINT; Schema: public; Owner: postgres
--

ALTER TABLE ONLY public.orders
    ADD CONSTRAINT orders_finance_id_fkey FOREIGN KEY (finance_id) REFERENCES public.finances(id);


--
-- Name: post_addresses post_addresses_order_id_fkey; Type: FK CONSTRAINT; Schema: public; Owner: postgres
--

ALTER TABLE ONLY public.post_addresses
    ADD CONSTRAINT post_addresses_order_id_fkey FOREIGN KEY (order_id) REFERENCES public.orders(id) ON DELETE CASCADE;


--
-- Name: receivables receivables_order_id_fkey; Type: FK CONSTRAINT; Schema: public; Owner: postgres
--

ALTER TABLE ONLY public.receivables
    ADD CONSTRAINT receivables_order_id_fkey FOREIGN KEY (order_id) REFERENCES public.orders(id) ON DELETE CASCADE;


--
-- Name: tasks tasks_order_id_fkey; Type: FK CONSTRAINT; Schema: public; Owner: postgres
--

ALTER TABLE ONLY public.tasks
    ADD CONSTRAINT tasks_order_id_fkey FOREIGN KEY (order_id) REFERENCES public.orders(id) ON DELETE CASCADE;


--
-- Name: trx_detail trx_detail_acc_code_id_fkey; Type: FK CONSTRAINT; Schema: public; Owner: postgres
--

ALTER TABLE ONLY public.trx_detail
    ADD CONSTRAINT trx_detail_acc_code_id_fkey FOREIGN KEY (code_id) REFERENCES public.acc_code(id) ON UPDATE CASCADE ON DELETE RESTRICT;


--
-- Name: trx_detail trx_detail_trx_id_fkey; Type: FK CONSTRAINT; Schema: public; Owner: postgres
--

ALTER TABLE ONLY public.trx_detail
    ADD CONSTRAINT trx_detail_trx_id_fkey FOREIGN KEY (trx_id) REFERENCES public.trx(id) ON UPDATE CASCADE ON DELETE CASCADE;


--
-- Name: units units_gudang_id_fkey; Type: FK CONSTRAINT; Schema: public; Owner: postgres
--

ALTER TABLE ONLY public.units
    ADD CONSTRAINT units_gudang_id_fkey FOREIGN KEY (warehouse_id) REFERENCES public.warehouses(id) ON DELETE RESTRICT;


--
-- Name: units units_order_id_fkey; Type: FK CONSTRAINT; Schema: public; Owner: postgres
--

ALTER TABLE ONLY public.units
    ADD CONSTRAINT units_order_id_fkey FOREIGN KEY (order_id) REFERENCES public.orders(id) ON DELETE CASCADE;


--
-- Name: units units_type_id_fkey; Type: FK CONSTRAINT; Schema: public; Owner: postgres
--

ALTER TABLE ONLY public.units
    ADD CONSTRAINT units_type_id_fkey FOREIGN KEY (type_id) REFERENCES public.types(id) ON DELETE RESTRICT;


--
-- PostgreSQL database dump complete
--

